Средний балл зрителей,Количество оценок,IMDb,Режиссёр,"Хронометраж, мин",Возраст,Год
7.9,1400000,8.3,James Cameron,162,12+,2009
8.4,1300000,7.8,Anthony Russo,181,16+,2019
7.5,511000,6.7,James Cameron,192,12+,2022
7.9,1300000,7.5,James Cameron,194,12+,1997
7.8,985000,8.0,J.J. Abrams,138,12+,2015
8.4,1200000,6.8,Anthony Russo,149,16+,2018
8.2,907000,7.1,Jon Watts,148,12+,2021
6.9,689000,5.9,Colin Trevorrow,124,12+,2015
6.8,272000,5.5,Jon Favreau,118,6+,2019
8.0,1500000,6.9,Joss Whedon,143,12+,2012
7.1,420000,6.7,James Wan,137,16+,2015
8.2,732000,7.8,Joseph Kosinski,130,16+,2022
6.8,200000,6.4,Chris Buck,103,6+,2019
6.8,568000,8.0,Greta Gerwig,114,12+,2023
7.3,938000,6.6,Joss Whedon,141,12+,2015
7.0,249000,4.6,Aaron Horvath,92,6+,2023
7.7,142000,7.3,Kelsey Mann,96,6+,2024
7.3,851000,8.8,Ryan Coogler,134,16+,2018
8.1,966000,8.5,David Yates,130,12+,2011
6.9,682000,8.4,Rian Johnson,152,16+,2017
6.1,351000,5.1,J.A. Bayona,128,12+,2018
7.4,673000,7.5,Chris Buck,102,6+,2013
7.1,339000,6.5,Bill Condon,129,16+,2017
7.5,340000,8.0,Brad Bird,118,6+,2018
6.6,258000,5.6,F. Gary Gray,136,12+,2017
7.1,912000,6.2,Shane Black,130,12+,2013
6.4,266000,5.6,Kyle Balda,91,6+,2015
7.8,866000,7.5,Anthony Russo,147,12+,2016
6.8,528000,5.5,James Wan,143,12+,2018
9.0,2000000,9.4,Peter Jackson,201,12+,2003
7.4,573000,6.9,Jon Watts,129,12+,2019
6.8,621000,6.4,Anna Boden,123,16+,2019
6.2,437000,4.2,Michael Bay,154,12+,2011
7.8,738000,8.1,Sam Mendes,143,16+,2012
5.6,335000,3.2,Michael Bay,165,12+,2014
8.2,1100000,6.8,Steven Spielberg,127,6+,1993
8.4,1900000,7.8,Christopher Nolan,164,12+,2012
8.4,1500000,5.9,Todd Phillips,122,18+,2019
6.4,504000,5.3,J.J. Abrams,141,12+,2019
7.7,287000,8.4,Josh Cooley,100,6+,2019
8.3,907000,9.2,Lee Unkrich,103,0+,2010
7.4,779000,5.3,Gore Verbinski,151,12+,2006
7.8,699000,6.5,Gareth Edwards,133,12+,2016
6.9,295000,5.3,Guy Ritchie,128,6+,2019
6.6,573000,4.5,Rob Marshall,137,12+,2011
6.5,872000,5.1,George Lucas,136,0+,1999
7.6,872000,6.5,Chris Columbus,152,12+,2001
6.2,162000,4.9,Kyle Balda,89,6+,2017
7.2,310000,7.7,Andrew Stanton,97,6+,2016
8.0,560000,7.8,Byron Howard,108,6+,2016
6.4,447000,5.3,Tim Burton,108,12+,2010
7.8,885000,5.8,Peter Jackson,169,12+,2012
9.0,2900000,8.4,Christopher Nolan,152,14+,2008
5.6,214000,3.8,Colin Trevorrow,147,12+,2022
8.5,1200000,8.8,Roger Allers,88,0+,1994
8.3,799000,9.0,Christopher Nolan,180,18+,2023
7.3,434000,6.2,Pierre Coffin,98,0+,2013
7.4,295000,7.7,Jon Favreau,106,6+,2016
7.0,461000,5.8,Jake Kasdan,119,16+,2017
7.4,582000,5.9,Peter Jackson,144,6+,2014
7.1,704000,5.0,Gore Verbinski,169,12+,2007
7.7,611000,6.5,David Yates,146,12+,2010
7.8,716000,6.6,Peter Jackson,161,12+,2013
6.9,493000,6.0,Sam Raimi,126,16+,2022
8.8,1800000,8.7,Peter Jackson,179,12+,2002
7.5,645000,7.1,David Yates,138,12+,2007
8.2,1100000,9.0,Andrew Stanton,100,0+,2003
6.5,93000,5.6,Kyle Balda,87,6+,2022
7.6,607000,7.8,David Yates,153,16+,2009
7.3,515000,7.5,Andrew Adamson,93,6+,2004
7.9,605000,4.9,Bryan Singer,134,18+,2018
5.5,43000,0.0,Kaige Chen,176,0+,2021
7.7,694000,8.1,Mike Newell,157,12+,2005
6.3,650000,5.9,Sam Raimi,139,12+,2007
8.9,2000000,9.2,Peter Jackson,178,12+,2001
6.9,269000,5.0,Carlos Saldanha,94,0+,2009
7.4,705000,6.3,Chris Columbus,161,16+,2002
7.4,734000,7.3,Jon Watts,133,16+,2017
6.8,472000,6.0,Sam Mendes,148,16+,2015
6.5,229000,4.9,Steve Martino,88,0+,2012
6.5,221000,6.1,Chris Renaud,86,6+,2016
6.5,760000,4.4,Zack Snyder,151,12+,2016
5.9,9000,4.4,Jing Wu,123,0+,2017
7.6,860000,6.8,George Lucas,140,12+,2005
7.5,732000,7.6,Francis Lawrence,146,12+,2013
7.6,773000,6.7,James Gunn,136,16+,2017
6.7,316000,6.7,Ryan Coogler,161,12+,2022
8.1,830000,9.4,Pete Docter,95,6+,2015
6.6,551000,3.5,Ruben Fleischer,112,16+,2018
7.9,832000,7.4,Taika Waititi,130,16+,2017
5.6,266000,5.2,Bill Condon,115,12+,2012
7.9,400000,6.4,James Gunn,150,12+,2023
8.8,2600000,7.4,Christopher Nolan,148,12+,2010
6.0,433000,3.5,Michael Bay,149,12+,2009
7.4,897000,7.3,Sam Raimi,121,12+,2002
7.3,707000,7.6,Patty Jenkins,141,16+,2017
6.9,31000,0.0,Ling Jia,128,12+,2021
7.0,616000,5.9,Roland Emmerich,145,12+,1996
7.2,514000,6.6,David Yates,132,12+,2016
8.4,613000,8.1,Lee Unkrich,105,12+,2017
6.1,338000,5.8,Chris Miller,93,6+,2007
7.9,705000,8.2,Alfonso Cuarón,142,16+,2004
6.7,292000,5.8,Jake Kasdan,123,12+,2019
6.5,354000,3.9,Joachim Rønning,129,16+,2017
7.9,444000,9.2,Steven Spielberg,115,0+,1982
7.7,385000,8.7,Christopher McQuarrie,147,16+,2018
5.8,403000,4.9,Roland Emmerich,158,14+,2009
7.5,724000,8.3,Sam Raimi,127,12+,2004
7.0,421000,6.1,Justin Lin,130,12+,2013
6.2,496000,6.5,Steven Spielberg,122,12+,2008
7.6,684000,6.6,David Leitch,119,18+,2018
8.0,1200000,6.5,Tim Miller,108,18+,2016
8.6,1500000,9.0,George Lucas,121,0+,1977
7.3,452000,6.8,Cary Joji Fukunaga,163,12+,2021
8.0,1300000,7.6,James Gunn,121,12+,2014
7.7,871000,9.6,Alfonso Cuarón,91,12+,2013
7.8,816000,7.2,Matt Reeves,176,16+,2022
6.2,414000,5.7,Taika Waititi,118,18+,2022
6.5,241000,6.0,David Leitch,137,12+,2019
6.6,464000,4.6,Ron Howard,149,18+,2006
6.9,405000,5.6,Robert Stromberg,97,12+,2014
6.6,512000,6.4,Francis Lawrence,123,12+,2014
6.9,714000,6.6,Marc Webb,136,12+,2012
6.3,229000,5.8,Mike Mitchell,93,6+,2010
5.9,730000,4.0,David Ayer,123,16+,2016
6.8,202000,6.0,Eric Darnell,95,0+,2012
7.9,758000,7.5,Bryan Singer,132,12+,2014
6.9,434000,7.5,Andrew Adamson,143,6+,2005
7.2,398000,6.5,Dan Scanlon,104,6+,2013
7.2,639000,6.2,Lana Wachowski,138,16+,2003
8.3,1100000,8.8,Pete Docter,96,0+,2009
7.4,87000,5.4,Yu Yang,110,0+,2019
5.2,166000,5.8,Justin Lin,143,12+,2021
7.7,912000,7.0,Anthony Russo,136,12+,2014
4.9,258000,4.5,Bill Condon,117,12+,2011
8.5,521000,7.9,Denis Villeneuve,166,12+,2024
4.8,304000,4.4,Chris Weitz,130,12+,2009
7.6,491000,7.9,Matt Reeves,130,16+,2014
6.6,548000,5.3,Marc Webb,142,12+,2014
7.0,683000,6.1,Michael Bay,144,12+,2007
8.7,2200000,7.4,Christopher Nolan,169,12+,2014
5.7,126000,5.6,Louis Leterrier,141,12+,2023
7.3,621000,6.9,Andy Muschietti,135,18+,2017
5.9,37000,5.7,Frant Gwo,125,12+,2019
5.1,264000,5.8,David Slade,124,12+,2010
7.2,1000000,6.8,Gary Ross,142,14+,2012
7.4,534000,7.3,Brad Bird,132,14+,2011
6.5,282000,5.1,Phyllida Lloyd,108,12+,2008
8.6,404000,8.6,Joaquim Dos Santos,140,6+,2023
5.6,27000,0.0,Sicheng Chen,136,16+,2021
7.4,417000,7.5,Christopher McQuarrie,131,16+,2015
8.8,2300000,8.2,Robert Zemeckis,142,0+,1994
7.5,821000,7.2,Scott Derrickson,115,12+,2016
8.2,1100000,6.4,M. Night Shyamalan,107,12+,1999
7.1,820000,5.5,Zack Snyder,143,12+,2013
6.8,301000,5.9,Carlos Saldanha,91,0+,2006
7.3,328000,6.7,Jennifer Yuh Nelson,90,0+,2011
6.6,382000,6.5,Francis Lawrence,137,16+,2015
6.1,483000,4.5,Zack Snyder,120,12+,2017
7.8,513000,7.4,Don Hall,102,6+,2014
6.5,314000,5.2,David Yates,134,12+,2018
8.1,1200000,6.3,Gore Verbinski,143,12+,2003
6.8,393000,5.8,Barry Sonnenfeld,106,12+,2012
6.6,772000,5.4,George Lucas,142,0+,2002
6.7,735000,5.4,Alan Taylor,112,12+,2013
7.6,390000,8.1,Ron Clements,107,6+,2016
7.1,195000,5.9,Garth Jennings,108,6+,2016
7.0,160000,6.6,Paul King,116,6+,2023
7.6,533000,7.4,Mark Osborne,92,0+,2008
8.0,827000,9.0,Brad Bird,115,12+,2004
8.0,943000,8.0,Ridley Scott,144,16+,2015
6.4,519000,4.9,Peter Berg,92,12+,2008
5.6,15000,0.0,Hark Tsui,153,18+,2022
7.3,412000,6.6,Justin Lin,130,16+,2011
6.9,882000,5.7,Jon Favreau,124,12+,2010
8.1,849000,9.6,Brad Bird,111,0+,2007
7.0,459000,7.0,Peyton Reed,118,12+,2018
7.8,370000,7.7,Dean DeBlois,102,0+,2014
8.1,861000,7.7,James Mangold,137,18+,2017
6.6,450000,5.9,Steven Spielberg,129,0+,1997
8.0,703000,8.0,Martin Campbell,144,12+,2006
7.2,254000,4.7,Mel Gibson,127,16+,2004
7.9,674000,7.9,Ang Lee,127,6+,2012
7.4,498000,6.4,Steven Spielberg,140,12+,2018
5.2,172000,2.7,Michael Bay,154,12+,2017
6.6,252000,6.1,Eric Darnell,89,0+,2008
6.5,481000,7.3,Steven Spielberg,116,14+,2005
7.7,505000,7.1,Nathan Greno,100,6+,2010
6.5,475000,5.8,Marc Forster,106,14+,2008
7.3,624000,7.2,Barry Sonnenfeld,98,0+,1997
7.1,236000,5.5,Kirk DeMicco,98,0+,2013
6.5,543000,4.4,Todd Phillips,102,18+,2011
7.9,1100000,7.9,Jon Favreau,126,12+,2008
7.2,829000,6.5,Francis Lawrence,101,12+,2007
8.1,998000,7.9,Pete Docter,92,6+,2001
6.6,81000,0.0,Dante Lam,142,16+,2018
6.5,384000,4.8,Shawn Levy,108,6+,2006
4.2,340000,4.6,Sam Taylor-Johnson,125,18+,2015
7.2,160000,5.9,Rob Marshall,135,6+,2023
6.7,356000,6.2,Jordan Vogt-Roberts,118,12+,2017
6.1,104000,4.7,Adam Wingard,115,12+,2024
7.7,265000,8.1,Christopher McQuarrie,163,12+,2023
5.4,98000,3.0,Raja Gosnell,103,0+,2011
6.2,225000,5.7,John Lasseter,106,6+,2011
7.2,452000,8.1,Peter Jackson,187,16+,2005
6.6,196000,6.5,Chris Miller,90,0+,2011
6.2,10000,6.9,Stephen Chow,94,16+,2016
6.7,457000,4.2,Michael Bay,151,12+,1998
6.5,486000,4.7,Roland Emmerich,124,12+,2004
6.9,667000,6.2,Seth MacFarlane,106,18+,2012
7.3,538000,7.3,Clint Eastwood,133,18+,2014
6.1,383000,5.9,John Woo,123,12+,2000
6.3,55000,5.4,Mike Mitchell,94,6+,2024
6.1,32000,4.8,Sicheng Chen,121,16+,2018
6.8,470000,5.2,Bryan Singer,144,12+,2016
7.4,486000,4.8,Guy Ritchie,129,12+,2011
7.6,596000,7.2,Pierre Coffin,95,0+,2010
6.9,193000,6.7,Kenneth Branagh,105,6+,2015
6.9,445000,5.7,Eric Darnell,86,0+,2005
7.0,735000,6.3,Marc Forster,116,12+,2013
6.4,93000,5.1,Yarrow Cheney,85,6+,2018
7.1,450000,6.9,Mark Andrews,93,6+,2012
8.7,1400000,8.2,Irvin Kershner,124,0+,1980
7.3,353000,8.0,David Silverman,87,12+,2007
8.0,889000,7.6,Alejandro G. Iñárritu,156,18+,2015
7.8,753000,9.4,Christopher Nolan,106,16+,2017
5.7,212000,4.6,Jon Turteltaub,113,16+,2018
7.0,188000,7.1,Phil Johnston,112,12+,2018
6.3,88000,5.4,Genndy Tartakovsky,97,6+,2018
6.3,145000,5.0,Tom McGrath,97,6+,2017
8.4,1200000,9.5,Andrew Stanton,98,0+,2008
6.4,448000,6.2,Gareth Edwards,123,12+,2014
7.4,156000,7.1,Dean DeBlois,104,6+,2019
7.6,679000,5.7,Guy Ritchie,128,12+,2009
6.3,290000,4.1,Jay Roach,115,12+,2004
7.1,195000,6.6,Alessandro Carloni,95,6+,2016
8.6,1200000,7.5,James Cameron,137,16+,1991
7.2,734000,6.4,Peyton Reed,117,12+,2015
5.9,267000,4.9,Andy Serkis,97,16+,2021
7.1,240000,5.2,Jerry Zucker,127,14+,1990
8.0,477000,8.6,Ron Clements,90,G,1992
6.3,103000,4.9,Carlos Saldanha,101,0+,2014
7.3,579000,5.6,Wolfgang Petersen,163,16+,2004
7.9,630000,8.8,John Lasseter,92,6+,1999
7.0,138000,5.8,Peter Sohn,101,6+,2023
8.1,816000,7.5,Dean DeBlois,98,6+,2010
6.5,237000,6.8,Jan de Bont,113,12+,1996
6.3,215000,4.4,Sam Raimi,130,6+,2013
5.8,295000,3.9,Louis Leterrier,106,12+,2010
6.6,121000,4.3,Joachim Rønning,119,6+,2019
7.4,307000,8.2,Matt Reeves,140,16+,2017
7.9,749000,8.4,Andrew Adamson,90,6+,2001
6.5,551000,5.5,Doug Liman,120,14+,2005
6.7,313000,4.8,Ron Howard,138,12+,2009
5.8,222000,3.1,Jonathan Liebesman,101,6+,2014
6.8,441000,4.6,Tom Shadyac,101,12+,2003
6.9,254000,6.3,Carlos Saldanha,96,0+,2011
8.6,1500000,9.1,Steven Spielberg,169,16+,1998
7.6,584000,6.8,Rupert Wyatt,105,14+,2011
7.8,187000,7.3,Joel Crawford,102,6+,2022
8.1,675000,8.7,Steven Spielberg,124,16+,1975
7.7,663000,6.3,Chris Columbus,103,12+,1990
6.0,238000,4.8,Peyton Reed,124,12+,2023
6.6,147000,4.4,Genndy Tartakovsky,89,6+,2015
8.3,1100000,5.8,Richard Marquand,131,0+,1983
6.7,538000,7.2,Tim Burton,115,12+,2005
6.1,261000,4.3,Brad Peyton,114,12+,2015
8.2,821000,6.5,Steven Spielberg,127,0+,1989
6.5,310000,5.8,Andy Muschietti,169,18+,2019
8.0,713000,8.8,Tom Hooper,118,14+,2010
8.0,691000,9.4,Damien Chazelle,128,16+,2016
7.7,467000,7.2,Rich Moore,101,6+,2012
7.7,394000,8.3,Phil Lord,100,6+,2014
6.3,250000,5.9,Adam Wingard,113,12+,2021
7.7,862000,7.3,Todd Phillips,100,16+,2009
6.4,543000,6.2,Luc Besson,89,18+,2014
6.7,193000,6.6,Travis Knight,114,6+,2018
8.7,2100000,7.3,Lana Wachowski,136,16+,1999
7.7,500000,7.2,J.J. Abrams,132,12+,2013
8.5,1700000,6.7,Ridley Scott,155,18+,2000
7.1,372000,5.1,Garry Marshall,119,16+,1990
7.2,483000,7.3,John Lasseter,116,0+,2006
6.7,75000,6.4,Guan Hu,149,18+,2020
6.6,551000,5.8,Brett Ratner,104,12+,2006
6.4,18000,0.0,Chiyu Zhang,122,12+,2022
6.5,257000,4.8,Jon Turteltaub,124,12+,2007
7.2,477000,5.9,Brian De Palma,110,12+,1996
7.6,875000,5.2,Zack Snyder,117,16+,2006
7.8,478000,5.5,Edward Zwick,154,16+,2003
8.2,78000,7.2,Haruo Sotozaki,117,16+,2020
7.8,82000,6.3,Muye Wen,117,0+,2018
7.7,630000,7.4,Steven Soderbergh,116,12+,2001
6.3,23000,0.0,Kaige Chen,154,12+,2019
6.5,186000,5.3,Rob Letterman,104,12+,2019
7.0,913000,5.7,Kenneth Branagh,115,12+,2011
6.2,356000,4.4,Michael Bay,183,12+,2001
7.3,252000,8.0,Chris Buck,88,6+,1999
6.2,410000,4.9,Barry Sonnenfeld,88,12+,2002
8.0,664000,8.5,Paul Greengrass,115,16+,2007
6.4,351000,4.8,Stephen Sommers,130,12+,2001
4.6,56000,4.1,Betty Thomas,88,6+,2009
7.5,349000,6.3,Tom Hooper,158,12+,2012
8.1,464000,8.3,William Friedkin,122,18+,1973
7.1,297000,5.4,Chris Columbus,125,0+,1993
6.3,296000,3.8,Alan Taylor,126,12+,2015
7.7,352000,7.8,Chad Stahelski,169,18+,2023
6.7,284000,3.2,Duncan Jones,123,12+,2016
6.0,111000,4.2,Steven Caple Jr.,127,12+,2023
7.5,319000,4.8,Michael Gracey,105,12+,2017
6.2,43000,5.2,Chris Renaud,94,6+,2024
7.6,426000,8.8,Bradley Cooper,136,18+,2018
5.6,97000,4.2,James Wan,124,12+,2023
6.3,423000,6.6,Jonathan Mostow,109,16+,2003
7.4,447000,7.1,Destin Daniel Cretton,132,16+,2021
6.1,231000,5.6,Lee Tamahori,133,12+,2002
6.4,71000,5.5,Chris Renaud,86,6+,2019
7.8,649000,7.4,Robert Zemeckis,143,12+,2000
6.1,189000,4.5,Brad Peyton,107,12+,2018
6.7,551000,4.7,Lana Wachowski,129,16+,2003
8.5,946000,5.7,Olivier Nakache,112,14+,2011
6.5,185000,5.9,Adil El Arbi,124,18+,2020
8.5,1700000,8.1,Quentin Tarantino,165,18+,2012
8.0,485000,9.5,Gary Trousdale,84,6+,1991
8.0,296000,7.2,Kevin Costner,181,6+,1990
6.4,11000,0.0,Hao Ning,153,12+,2020
6.5,228000,6.2,Andrew Adamson,150,12+,2008
5.7,129000,5.3,Michael Patrick King,145,16+,2008
7.1,470000,4.8,Stephen Sommers,124,0+,1999
6.2,25000,0.0,Wai Keung Lau,111,12+,2019
6.3,169000,5.3,Michael Apted,113,12+,2010
6.6,246000,5.8,Paul Greengrass,123,12+,2016
6.7,503000,6.1,James Mangold,126,12+,2013
7.7,732000,6.0,Matthew Vaughn,129,18+,2014
6.0,216000,4.2,Shawn Levy,105,6+,2009
7.5,411000,6.9,Tim Burton,126,12+,1989
6.4,150000,3.9,Mick Jackson,129,16+,1992
6.9,537000,6.5,Guillermo del Toro,131,12+,2013
6.7,373000,4.4,Matthew Vaughn,141,18+,2017
5.4,209000,3.4,Alex Kurtzman,111,12+,2017
5.7,77000,3.4,Michael Thurmeier,94,6+,2016
5.3,494000,5.6,Catherine Hardwicke,122,16+,2008
7.3,90000,4.9,Garth Jennings,110,6+,2021
6.8,393000,5.9,M. Night Shyamalan,106,12+,2002
7.4,587000,6.8,Bryan Singer,134,12+,2003
8.0,905000,7.4,Denis Villeneuve,155,12+,2021
6.2,176000,4.7,David Yates,142,12+,2022
6.3,268000,4.5,Ruben Fleischer,116,12+,2022
8.2,1600000,7.5,Martin Scorsese,180,18+,2013
6.5,92000,4.7,Jeff Fowler,122,6+,2022
7.3,299000,5.3,Robert Rodriguez,122,16+,2019
5.2,173000,3.1,Rob Cohen,112,14+,2008
7.0,663000,6.4,Ridley Scott,124,16+,2012
8.2,339000,9.7,Victor Fleming,238,G,1939
6.6,112000,6.0,Ol Parker,114,0+,2018
6.3,395000,5.2,Chloé Zhao,156,18+,2021
6.8,360000,4.9,Joseph Kosinski,125,12+,2010
6.9,396000,6.6,J.J. Abrams,126,12+,2006
5.0,86000,4.0,Ben Wheatley,116,12+,2023
6.1,305000,5.7,Rupert Sanders,127,12+,2012
7.2,306000,7.0,Randal Kleiser,110,12+,1978
6.9,125000,6.6,Wes Ball,145,12+,2024
8.3,1100000,9.6,John Lasseter,81,6+,1995
6.2,281000,4.1,Jaume Collet-Serra,125,12+,2022
6.9,386000,6.2,Ron Howard,135,12+,2018
6.1,293000,7.2,Bryan Singer,154,12+,2006
6.9,211000,5.1,Kevin Reynolds,143,12+,1991
8.2,696000,7.8,Sam Mendes,119,16+,2019
8.4,1000000,8.6,Steven Spielberg,115,0+,1981
5.2,192000,3.2,Roland Emmerich,120,12+,2016
7.1,424000,6.9,Len Wiseman,128,14+,2007
6.0,214000,4.8,Michael Dougherty,132,16+,2019
6.1,58000,5.3,Raman Hui,117,6+,2015
6.5,114000,5.5,Tim Johnson,94,6+,2015
7.9,624000,8.2,J.J. Abrams,127,12+,2009
8.5,1300000,8.7,Robert Zemeckis,116,12+,1985
6.4,203000,7.7,George Miller,108,12+,2006
8.4,693000,8.7,Bob Persichetti,117,6+,2018
6.5,209000,5.8,James Mangold,154,12+,2023
6.7,128000,5.9,Brian Fee,102,6+,2017
7.5,529000,6.1,Chris Wedge,81,0+,2002
8.4,334000,8.1,Makoto Shinkai,106,12+,2016
4.6,114000,3.3,James Foley,118,18+,2017
6.4,179000,5.6,Rob Letterman,94,12+,2009
8.1,1100000,9.0,George Miller,120,16+,2015
6.6,436000,6.8,Cate Shortland,134,16+,2021
5.4,206000,3.2,Roland Emmerich,139,12+,1998
7.3,286000,6.3,James Cameron,141,16+,1994
8.0,884000,8.4,Danny Boyle,120,14+,2008
6.6,70000,5.4,Adil El Arbi,115,16+,2024
7.6,871000,8.4,Quentin Tarantino,161,18+,2019
6.2,326000,4.5,Olivier Megaton,92,16+,2012
5.7,188000,4.1,Jon M. Chu,110,12+,2013
8.2,1600000,7.0,Christopher Nolan,140,12+,2005
6.0,202000,4.8,Bibo Bergeron,90,12+,2004
6.5,226000,4.7,Nancy Meyers,127,16+,2000
7.3,246000,6.8,Steven Spielberg,107,12+,2011
6.6,105000,5.3,Eric Darnell,92,0+,2014
6.5,545000,4.0,Gavin Hood,107,12+,2009
6.1,198000,5.1,Chris Weitz,113,12+,2007
4.5,76000,3.1,James Foley,105,18+,2018
6.6,338000,5.8,Andy Tennant,118,12+,2005
6.5,381000,4.9,McG,115,12+,2009
8.1,1100000,7.9,David Fincher,149,18+,2014
7.9,752000,7.1,Doug Liman,113,12+,2014
6.9,910000,6.6,Joe Johnston,124,12+,2011
7.1,333000,6.9,Bobby Farrelly,119,16+,1998
7.8,325000,8.7,Andrew Davis,130,12+,1993
5.9,346000,4.2,Joe Johnston,92,12+,2001
6.6,146000,6.2,Joel Zwick,95,12+,2002
7.0,391000,7.1,David F. Sandberg,132,12+,2019
6.1,28000,0.0,Da-Mo Peng,118,12+,2018
7.6,413000,5.8,John McTiernan,128,16+,1995
5.3,175000,4.6,Corin Hardy,96,18+,2018
5.2,97000,3.9,Tim Hill,92,6+,2007
7.3,607000,6.9,Christopher Nolan,150,16+,2020
7.2,351000,6.8,Roger Michell,124,12+,1999
7.2,319000,7.8,John Lasseter,95,0+,1998
6.2,138000,4.7,Shawn Levy,98,6+,2014
6.5,419000,5.8,Steven Soderbergh,125,16+,2004
5.7,235000,5.0,Tim Burton,120,12+,2001
5.8,340000,3.0,Todd Phillips,100,16+,2013
6.4,212000,5.7,Michael Apted,128,16+,1999
5.4,21000,6.3,Raman Hui,110,0+,2018
6.5,316000,4.6,Justin Lin,107,16+,2009
5.8,269000,6.8,Darren Aronofsky,138,16+,2014
6.2,210000,6.1,Harald Zwart,140,6+,2010
6.9,409000,4.6,Chris Columbus,120,12+,1992
7.0,287000,4.7,Genndy Tartakovsky,91,6+,2012
7.6,592000,8.0,Steven Spielberg,145,16+,2002
8.6,872000,9.6,Hayao Miyazaki,124,12+,2001
6.9,513000,5.0,Tony Scott,109,12+,1986
6.2,191000,4.4,David Yates,110,12+,2016
8.3,1200000,8.4,Sam Mendes,122,16+,1999
7.7,320000,7.8,Ron Howard,140,12+,1995
8.0,554000,6.5,Barry Levinson,133,16+,1988
7.2,607000,5.5,Baz Luhrmann,143,16+,2013
6.3,84000,5.1,Tim Burton,112,6+,2019
7.1,584000,5.9,Alex Proyas,115,12+,2004
7.1,223000,4.3,Paul Verhoeven,127,18+,1992
6.5,303000,5.2,Kenneth Branagh,114,16+,2017
7.7,736000,6.5,Matthew Vaughn,131,12+,2011
6.3,107000,4.3,Clay Kaytis,97,6+,2016
7.2,273000,6.5,Martin Campbell,130,12+,1995
8.1,1100000,7.5,Steven Spielberg,141,12+,2002
7.2,719000,5.0,Louis Leterrier,115,12+,2013
6.8,298000,5.7,Ridley Scott,131,18+,2001
6.9,431000,5.9,Chuck Russell,101,12+,1994
6.6,49000,5.1,Will Gluck,95,6+,2018
7.3,399000,7.8,Jan de Bont,116,12+,1994
6.4,68000,5.6,Eric Leighton,82,12+,2000
6.7,96000,6.6,Rob Marshall,130,6+,2018
6.2,193000,4.0,Mimi Leder,120,12+,1998
6.4,133000,4.6,Chris Renaud,86,0+,2012
6.8,522000,5.7,Wes Ball,113,12+,2014
5.3,47000,3.4,Raja Gosnell,105,0+,2013
6.9,360000,4.0,Jon Turteltaub,131,12+,2004
6.4,94000,5.5,Mike Mitchell,92,6+,2016
6.7,244000,4.8,Brett Ratner,90,12+,2001
6.3,295000,4.6,Ron Howard,104,12+,2000
5.2,98000,4.2,D.J. Caruso,107,16+,2017
6.7,206000,5.9,Mike Gabriel,81,12+,1995
7.0,261000,6.8,Justin Lin,122,12+,2016
4.4,41000,2.4,Mike Mitchell,87,0+,2011
6.7,413000,6.4,Timur Bekmambetov,110,16+,2008
5.0,88000,3.8,Brian Levant,91,0+,1994
7.5,607000,8.2,John Krasinski,90,16+,2018
7.1,220000,7.5,Kevin Lima,107,12+,2007
6.7,192000,6.7,Tim Johnson,83,12+,2006
6.2,319000,4.8,Noam Murro,102,16+,2014
6.7,142000,5.4,Francis Lawrence,157,12+,2023
5.4,270000,5.4,Joel Schumacher,121,12+,1995
6.5,307000,5.0,Mike Newell,116,12+,2010
7.8,705000,7.0,David Fincher,166,12+,2008
5.7,114000,4.1,Brad Peyton,94,12+,2012
7.4,363000,5.8,Michael Bay,136,16+,1996
5.9,150000,4.2,Yimou Zhang,103,12+,2016
6.4,327000,4.6,Jon M. Chu,129,12+,2016
6.2,19000,0.0,Yang Song,100,12+,2017
6.8,268000,6.6,Sharon Maguire,97,12+,2001
5.7,349000,4.0,Tim Story,106,12+,2005
7.5,542000,5.7,Steven Spielberg,118,0+,1984
6.5,206000,5.2,Roger Spottiswoode,119,12+,1997
7.8,583000,5.7,Robert Zemeckis,108,12+,1989
6.7,130000,6.6,Peter Sohn,93,12+,2015
7.1,442000,6.2,Shawn Levy,115,16+,2021
7.0,413000,7.1,Phil Lord,112,16+,2014
7.0,360000,7.3,Jay Roach,108,0+,2000
7.7,220000,8.3,Robert Zemeckis,104,12+,1988
8.0,838000,7.9,Darren Aronofsky,108,16+,2010
6.5,181000,5.9,Wolfgang Petersen,130,12+,2000
7.4,437000,7.3,Chad Stahelski,130,18+,2019
6.6,118000,6.2,Peter Faiman,97,12+,1986
5.7,17000,0.0,Hao Ning,116,12+,2019
8.6,1800000,6.5,David Fincher,127,18+,1995
6.9,482000,6.2,David Frankel,109,14+,2006
6.0,207000,2.6,Olivier Megaton,108,12+,2014
7.0,174000,7.4,Gary Trousdale,91,6+,1996
6.8,131000,5.5,Robert Zemeckis,96,12+,2009
6.0,62000,6.2,Paul Tibbitt,92,6+,2015
7.3,308000,6.5,James Wan,134,18+,2016
9.0,1500000,9.5,Steven Spielberg,195,16+,1993
7.3,302000,6.3,Tom McGrath,95,0+,2010
8.2,594000,6.9,Peter Farrelly,130,16+,2018
6.7,181000,4.0,Richard Donner,118,16+,1992
6.6,286000,5.3,Ridley Scott,140,16+,2010
8.4,1600000,6.9,Quentin Tarantino,153,18+,2009
5.7,119000,5.0,Stephen Herek,103,0+,1996
7.5,567000,6.8,James Wan,112,16+,2013
6.9,102000,6.7,Adrian Lyne,119,16+,1987
6.5,165000,4.7,Jeff Fowler,99,6+,2020
4.0,177000,2.0,M. Night Shyamalan,103,0+,2010
6.6,245000,6.1,Robert Zemeckis,100,6+,2004
6.8,369000,4.8,Anne Fletcher,108,14+,2009
8.2,1000000,7.2,Ron Howard,135,12+,2001
7.4,219000,6.6,Martin Brest,105,0+,1984
6.5,213000,6.2,Wolfgang Petersen,124,14+,1997
7.9,183000,6.6,Stephen Chbosky,113,12+,2017
6.6,325000,5.1,Simon West,103,18+,2012
5.7,102000,4.8,Mark Dindal,81,6+,2005
7.7,323000,6.7,James L. Brooks,139,12+,1997
6.7,252000,5.9,Jay Roach,95,18+,1999
7.9,790000,8.2,Rian Johnson,130,16+,2019
7.3,177000,7.5,Chris McKay,104,6+,2017
6.3,284000,4.3,Wes Ball,131,16+,2015
5.5,103000,4.9,Paul W.S. Anderson,107,18+,2016
6.9,372000,6.2,Steven Soderbergh,122,16+,2007
5.5,121000,2.7,Paul Weitz,98,12+,2010
6.8,233000,6.7,Byron Howard,96,0+,2008
6.7,137000,6.1,Ron Howard,121,16+,1996
5.6,106000,3.9,Garry Marshall,116,16+,1999
7.6,366000,5.3,John Lee Hancock,129,12+,2009
5.5,592,0.0,Yusheng Tian,120,12+,2017
7.7,407000,6.9,Josh Boone,126,12+,2014
8.0,573000,6.4,Gabriele Muccino,117,12+,2006
7.2,196000,5.8,Peter Ramsey,97,0+,2012
7.6,221000,9.0,Steven Spielberg,138,0+,1977
7.2,246000,8.1,Rob Marshall,113,12+,2002
6.5,154000,6.2,David F. Sandberg,109,18+,2017
6.8,313000,7.5,Paul Feig,125,16+,2011
5.8,137000,5.1,Rawson Marshall Thurber,102,12+,2018
5.2,217000,2.8,John Moore,98,18+,2013
7.7,323000,7.2,Tony Bancroft,87,0+,1998
8.3,216000,0.0,Nitesh Tiwari,161,0+,2016
7.0,460000,4.1,Morten Tyldum,116,16+,2016
5.8,260000,4.1,Peter Berg,131,12+,2012
6.9,339000,7.0,Tom Shadyac,86,12+,1997
5.7,216000,3.2,Stephen Sommers,118,12+,2009
5.7,197000,3.7,Jonathan Liebesman,99,14+,2012
5.6,281000,4.5,Tim Story,92,12+,2007
6.8,277000,5.2,Steven Spielberg,142,0+,1991
7.4,190000,8.2,Richard Donner,143,0+,1978
6.9,230000,4.0,Sylvester Stallone,91,16+,1985
6.5,185000,4.7,George P. Cosmatos,96,16+,1985
5.8,181000,3.7,Paul W.S. Anderson,96,18+,2010
6.1,290000,3.5,Stephen Sommers,131,12+,2004
6.0,152000,6.1,Rob Minkoff,84,6+,1999
6.6,140000,4.6,Tony Scott,103,0+,1987
6.2,125000,3.4,James Bobin,113,12+,2016
6.3,158000,5.1,P.J. Hogan,105,12+,1997
7.1,363000,5.6,Shawn Levy,127,12+,2011
6.6,35000,5.6,Benjamin Renner,83,6+,2023
6.8,152000,7.1,Jimmy Hayward,86,6+,2008
6.3,246000,6.1,Gary Ross,110,16+,2018
7.2,289000,7.1,John Krasinski,97,16+,2020
6.2,259000,4.2,Robert Schwentke,119,12+,2015
5.9,88000,5.1,Amy Heckerling,93,12+,1989
6.2,226000,6.2,Jay Roach,94,16+,2002
7.8,460000,7.1,Ivan Reitman,105,0+,1984
6.7,192000,5.7,Tim Burton,127,16+,2016
7.3,661000,6.4,Bryan Singer,104,12+,2000
6.7,66000,5.8,Carlos Saldanha,108,6+,2017
8.2,1500000,6.3,Martin Scorsese,138,16+,2010
5.4,103000,4.6,Betty Thomas,85,12+,1998
6.1,183000,5.4,Simon J. Smith,91,0+,2007
6.5,333000,6.5,Phillip Noyce,100,14+,2010
5.1,51000,4.1,Hoyt Yeatman,88,12+,2009
5.4,104000,3.3,Emma Tammi,109,18+,2023
8.5,1400000,8.5,Martin Scorsese,151,16+,2006
6.6,138000,5.1,Robert Zemeckis,130,16+,2000
5.6,130000,4.4,Steven S. DeKnight,111,12+,2018
7.7,492000,7.3,Paul Greengrass,108,16+,2004
4.5,85000,2.7,Michael Patrick King,146,16+,2010
7.1,236000,8.7,John Madden,123,0+,1998
6.6,496000,4.8,Neil Burger,139,12+,2014
7.1,227000,4.7,John Landis,117,0+,1988
7.3,242000,6.4,Baz Luhrmann,159,12+,2022
7.0,380000,6.4,David Dobkin,119,16+,2005
6.3,170000,5.0,Wes Ball,143,16+,2018
6.2,149000,4.9,Brad Silberling,100,6+,1995
6.4,274000,4.3,J.B. Rogers,108,16+,2001
6.4,172000,6.3,Elizabeth Banks,115,16+,2015
8.6,1400000,6.1,Frank Darabont,189,14+,1999
7.0,560000,5.4,Joseph Kosinski,124,12+,2013
6.6,476000,6.1,Neill Blomkamp,109,16+,2013
6.6,174000,3.9,Richard Donner,127,16+,1998
6.6,289000,5.1,Andrew Stanton,132,12+,2012
6.4,114000,5.8,David Soren,96,6+,2013
7.3,137000,7.7,Paul King,95,6+,2014
6.0,259000,3.7,Florian Henckel von Donnersmarck,103,14+,2010
7.3,570000,6.3,M. Night Shyamalan,117,16+,2016
6.3,292000,4.8,Keenen Ivory Wayans,88,16+,2000
5.8,188000,4.8,Rob Cohen,124,16+,2002
8.0,685000,8.1,Denis Villeneuve,164,18+,2017
6.7,96000,7.3,Michael B. Jordan,116,12+,2023
6.6,319000,6.1,Tony Gilroy,135,18+,2012
6.8,79000,5.9,Rob Minkoff,92,0+,2014
5.3,128000,3.5,Raja Gosnell,89,12+,2002
7.3,275000,8.7,Steven Spielberg,150,16+,2012
6.3,230000,4.8,Roar Uthaug,119,16+,2018
5.8,221000,3.3,Simon West,100,12+,2001
6.4,368000,4.5,Sylvester Stallone,103,18+,2010
6.3,117000,5.9,Cody Cameron,95,0+,2013
5.7,126000,6.4,Tom Shadyac,95,0+,1996
7.3,291000,7.7,Cameron Crowe,139,0+,1996
6.6,276000,3.8,Michael Bay,147,16+,2003
7.3,217000,7.4,Dean DeBlois,85,0+,2002
8.6,1600000,8.6,Jonathan Demme,118,18+,1991
6.0,284000,3.0,Dennis Dugan,102,12+,2010
6.6,221000,5.5,Andy Muschietti,144,12+,2023
6.3,333000,6.8,Nicholas Stoller,97,18+,2014
6.9,150000,5.8,Sydney Pollack,154,0+,1993
7.0,494000,4.4,Rawson Marshall Thurber,110,16+,2013
8.1,824000,7.3,Clint Eastwood,116,16+,2008
5.1,136000,3.4,Roland Emmerich,109,12+,2008
7.8,460000,7.6,Ridley Scott,157,18+,2007
5.6,64000,4.7,Michael Chaves,110,16+,2023
6.6,111000,5.2,Chris Wedge,102,6+,2013
6.0,181000,5.2,Ridley Scott,150,12+,2014
7.2,42000,6.7,Kenny Ortega,111,6+,2009
7.3,156000,9.1,James Algar,69,0+,1942
7.2,171000,7.3,Ron Clements,97,0+,2009
7.1,333000,6.8,Tim Burton,126,12+,1992
6.0,80000,4.5,Adrian Lyne,117,16+,1993
6.7,131000,6.6,Nancy Meyers,128,12+,2003
6.0,124000,4.4,Beeban Kidron,108,16+,2004
6.6,531000,6.1,Louis Leterrier,112,12+,2008
6.3,214000,5.6,Kevin Reynolds,135,12+,1995
8.2,1200000,9.0,Peter Weir,103,0+,1998
5.6,198000,5.2,McG,98,0+,2000
7.6,515000,5.2,Luc Besson,126,16+,1997
7.1,385000,3.9,Joe Johnston,104,6+,1995
7.4,450000,8.9,Larry Charles,84,(Banned),2006
6.4,165000,6.4,Chris Wedge,91,6+,2005
8.5,995000,9.7,Bong Joon Ho,132,18+,2019
6.3,213000,4.6,James Mangold,109,12+,2010
8.0,23000,8.2,Sam Wrench,169,12+,2023
7.5,360000,6.0,Paul Verhoeven,113,18+,1990
6.2,197000,5.4,Tim Miller,128,16+,2019
6.4,246000,3.7,Gore Verbinski,150,12+,2013
7.0,370000,7.2,J.J. Abrams,112,12+,2011
6.5,172000,6.7,David Gordon Green,106,18+,2018
5.9,44000,4.8,Wuershan,127,0+,2015
4.9,134000,4.8,McG,106,12+,2003
6.2,187000,4.4,Brett Ratner,91,12+,2007
7.2,115000,7.5,Peter Cattaneo,91,16+,1997
5.2,12000,5.0,Stanley Tong,107,0+,2017
5.4,179000,3.7,John R. Leonetti,99,16+,2014
7.2,270000,7.5,Jared Bush,102,6+,2021
6.6,282000,4.4,M. Night Shyamalan,108,12+,2004
5.4,19000,0.0,Zheng Xu,114,0+,2015
7.4,226000,7.3,Steven Soderbergh,131,16+,2000
6.8,351000,8.1,Jordan Peele,116,18+,2019
6.3,25000,0.0,Han Han,98,12+,2019
7.8,726000,8.5,Jordan Peele,104,18+,2017
7.0,170000,5.3,David Frankel,111,12+,2008
6.5,142000,5.9,Renny Harlin,113,16+,1993
5.6,42000,4.7,Chris Buck,95,6+,2023
8.2,118000,0.0,S.S. Rajamouli,167,16+,2017
6.9,136000,8.3,Chris Noonan,91,0+,1995
5.6,150000,3.8,F. Gary Gray,114,12+,2019
5.8,124000,2.7,Walt Becker,100,12+,2007
5.0,69000,5.7,Kenny Ortega,112,12+,2008
7.3,260000,7.4,Ron Clements,93,0+,1997
5.7,212000,4.3,Simon Kinberg,113,16+,2019
7.6,361000,8.0,Ethan Coen,110,14+,2010
5.6,73000,2.6,Stephen Gaghan,101,12+,2020
6.5,112000,5.2,Mel Smith,89,12+,1997
7.2,504000,9.0,David O. Russell,138,16+,2013
7.3,262000,6.7,Tony Scott,132,0+,1998
6.7,233000,5.8,Nora Ephron,119,12+,1998
7.6,123000,3.6,Alejandro Monteverde,131,18+,2023
5.1,131000,3.8,Stefen Fangmeier,104,12+,2006
6.9,126000,4.8,Aaron Blaise,85,0+,2003
6.8,63000,6.4,Pierre Perifel,100,6+,2022
9.2,2100000,10.0,Francis Ford Coppola,175,16+,1972
6.8,200000,6.2,Martin Campbell,136,12+,1998
7.6,537000,5.5,Richard Curtis,135,16+,2003
7.1,381000,5.7,Gore Verbinski,115,16+,2002
6.5,292000,8.0,Daniel Myrick,81,16+,1999
7.3,449000,6.2,M. Night Shyamalan,106,16+,2000
5.4,37000,5.9,Hark Tsui,109,12+,2017
7.3,419000,4.1,Peter Farrelly,107,16+,1994
6.6,283000,4.3,M. Night Shyamalan,129,16+,2019
5.4,174000,1.9,Dennis Dugan,101,12+,2013
7.0,50000,6.7,Steve Martino,88,0+,2015
7.3,298000,7.5,Gore Verbinski,107,0+,2011
7.1,169000,8.1,Mike Newell,117,12+,1994
7.3,407000,8.2,John Woo,138,14+,1997
5.9,101000,4.0,Dave Green,112,6+,2016
6.2,284000,5.5,Tim Burton,113,12+,2012
5.6,282000,5.4,Ang Lee,138,16+,2003
5.7,13000,0.0,Tony Chan,118,12+,2019
7.1,46000,0.0,Dany Boon,106,0+,2008
7.4,489000,5.5,Robert Zemeckis,118,16,1990
5.6,163000,2.7,Chris Columbus,105,12+,2015
6.0,166000,4.7,Brett Ratner,98,12+,2014
7.0,301000,6.1,Brett Ratner,98,12+,1998
5.8,134000,5.7,Eric Brevig,93,0+,2008
7.4,303000,7.4,Clint Eastwood,96,16+,2016
4.8,211000,3.3,M. Night Shyamalan,100,12+,2013
7.7,293000,6.2,Rob Reiner,138,0+,1992
6.9,264000,6.6,Phil Lord,90,0+,2009
7.2,328000,7.7,Curtis Hanson,110,16+,2002
6.2,130000,4.2,Sean Anders,96,12+,2015
6.1,242000,5.2,José Padilha,117,12+,2014
6.2,120000,5.6,Chuck Russell,115,16+,1996
6.4,319000,6.5,Ridley Scott,122,18+,2017
5.6,211000,3.6,Justin Kurzel,115,16+,2016
6.4,363000,4.5,Frank Coraci,107,12+,2006
6.5,23000,0.0,Teng Cheng,110,18+,2020
5.7,49000,3.9,Klay Hall,91,0+,2013
5.3,152000,3.9,Paul W.S. Anderson,95,18+,2012
7.1,387000,6.7,Renny Harlin,124,18+,1990
5.7,62000,4.1,John Cornell,111,6+,1988
6.9,195000,7.4,Jon M. Chu,120,18+,2018
7.3,461000,4.9,David Leitch,127,16+,2022
3.8,271000,2.9,Joel Schumacher,125,12+,1997
8.2,463000,8.2,Hayao Miyazaki,119,12+,2004
4.9,74000,3.3,Rob Letterman,85,12+,2010
6.5,298000,3.5,Dominic Sena,118,12+,2000
5.5,299000,3.9,Martin Campbell,114,12+,2011
6.8,89000,7.7,John Badham,118,16+,1977
7.7,749000,8.1,David O. Russell,122,16+,2012
5.9,302000,3.8,John Singleton,107,12+,2003
7.8,262000,7.4,Theodore Melfi,127,12+,2016
7.2,326000,6.5,Steven Spielberg,146,12+,2001
8.1,562000,7.9,Peter Weir,128,6+,1989
7.0,262000,7.5,Paul Feig,120,16+,2015
7.0,441000,5.8,Paul Weitz,95,14+,1999
6.7,226000,4.9,Jon Hurwitz,113,16+,2012
6.4,238000,4.2,Dennis Dugan,93,0+,1999
4.9,23000,3.3,Walt Becker,92,6+,2015
8.0,836000,7.1,Morten Tyldum,114,12+,2014
7.3,272000,5.9,Craig Gillespie,134,12+,2021
5.5,180000,4.0,Scott Derrickson,104,12+,2008
6.3,220000,4.3,Jesse Dylan,96,16+,2003
7.8,503000,7.1,David Fincher,158,18+,2011
7.4,555000,8.1,Jason Reitman,96,12+,2007
7.7,645000,8.6,Ben Affleck,120,16+,2012
6.4,136000,5.6,Steve Bendelack,90,6+,2007
7.4,205000,8.6,Anthony Minghella,162,16+,1996
6.5,110000,5.1,Emile Ardolino,100,12+,1992
5.9,89000,5.3,Gary Dauberman,106,18+,2019
7.0,381000,5.0,Francis Lawrence,121,16+,2005
6.5,231000,5.4,Peter Segal,110,16+,2008
6.5,217000,5.7,Joe Pytka,88,6+,1996
8.6,755000,5.8,Roberto Benigni,116,0+,1997
6.6,183000,6.0,Paul Feig,117,16+,2013
6.8,250000,6.0,Paul Feig,117,16+,2016
7.1,314000,6.6,Jon Favreau,97,0+,2003
5.3,256000,3.5,Mark Steven Johnson,110,12+,2007
6.7,36000,0.0,Da-Mo Peng,104,12+,2015
6.8,194000,7.2,Nora Ephron,105,6+,1993
7.3,192000,7.0,Richard Donner,114,16+,1989
5.8,166000,3.9,Michel Gondry,119,12+,2011
7.1,88000,6.9,Sydney Pollack,161,6+,1985
7.8,97000,8.8,Paul King,103,6+,2017
7.0,35000,6.9,Xiaogang Feng,135,0+,2017
7.5,628000,8.6,Edgar Wright,113,18+,2017
6.0,178000,4.6,Tarsem Singh,110,16+,2011
7.7,643000,5.1,Pierre Morel,90,16+,2008
5.9,206000,4.7,Chris Columbus,118,6+,2010
6.1,127000,6.0,Angus MacLane,105,6+,2022
6.1,219000,2.3,Tommy Wirkola,88,16+,2013
6.4,200000,5.1,Luc Besson,136,12+,2017
8.3,1100000,7.1,Gus Van Sant,126,16+,1997
7.6,14000,8.3,Derek Tsang,135,12+,2019
8.1,496000,8.1,James Mangold,152,16+,2019
6.1,327000,3.5,Doug Liman,88,12+,2008
7.8,771000,9.5,David Fincher,120,12+,2010
7.1,215000,8.8,Peter Lord,84,0+,2000
6.9,324000,5.2,Simon West,115,0+,1997
7.5,354000,6.2,Neil Jordan,123,16+,1994
6.3,174000,5.3,Robert Schwentke,98,12+,2005
6.8,388000,4.6,Peyton Reed,104,12+,2008
6.9,279000,5.6,Jaume Collet-Serra,106,16+,2014
6.4,169000,6.3,Joe Johnston,93,0+,1989
7.5,133000,6.7,Michael Moore,122,12+,2004
4.9,169000,4.0,Barry Sonnenfeld,106,12+,1999
5.3,122000,2.1,Dean Devlin,109,16+,2017
6.1,581,0.0,Teng Shen,157,0+,2021
8.1,501000,6.2,Tate Taylor,146,12+,2011
6.4,157000,6.4,Ridley Scott,158,18+,2023
6.9,49000,7.2,Alan J. Pakula,127,16+,1990
6.6,216000,5.0,Jaume Collet-Serra,127,12+,2021
6.3,102000,6.8,Michael Sarnoski,99,12+,2024
5.5,161000,4.9,David Zucker,84,16+,2003
7.5,439000,7.1,Michael Mann,120,16+,2004
6.1,122000,5.2,Will Gluck,103,16+,2023
6.2,192000,4.2,Ron Howard,121,12+,2016
6.9,388000,8.5,Judd Apatow,129,16+,2007
6.1,190000,3.6,Tom Vaughan,99,12+,2008
6.5,99000,5.7,Nancy Meyers,121,16+,2009
7.4,502000,5.5,Steven Spielberg,128,12+,2004
5.7,18000,3.1,Mark Dindal,101,6+,2024
7.8,254000,9.1,Greta Gerwig,135,12+,2019
7.8,499000,8.2,Paul Greengrass,134,16+,2013
7.2,149000,6.4,Brenda Chapman,99,0+,1998
7.0,372000,5.0,Christopher McQuarrie,130,16+,2012
7.3,323000,6.3,Ridley Scott,144,16+,2005
6.6,43000,6.0,Karey Kirkpatrick,96,6+,2018
3.4,73000,1.2,Tony Leondis,86,6+,2017
6.5,179000,6.8,Parker Finn,115,18+,2022
6.1,792,0.0,Wenxiong Xing,109,12+,2022
6.2,212000,4.0,Gary Shore,92,12+,2014
6.3,219000,5.2,Rawson Marshall Thurber,107,16+,2016
8.1,730000,8.6,Clint Eastwood,132,16+,2004
6.2,140000,5.0,Ivan Reitman,107,6+,1988
5.7,126000,3.4,Garry Marshall,125,12+,2010
6.8,116000,8.3,Richard Lester,127,0+,1980
5.7,215000,4.7,Jake Kasdan,92,18+,2011
6.7,912,0.0,Yan Han,122,12+,2020
6.9,55000,5.6,Joel Crawford,95,6+,2020
6.9,110000,7.2,Phillip Noyce,141,0+,1994
7.3,185000,8.3,Clyde Geronimi,79,G,1961
6.3,239000,4.8,Seth MacFarlane,115,18+,2015
7.4,244000,5.7,Francis Ford Coppola,128,18+,1992
6.0,66000,4.8,Martin Campbell,124,12+,2000
6.6,229000,5.6,Ivan Reitman,108,0+,1989
7.2,298000,6.3,Roland Emmerich,165,16+,2000
6.1,171000,4.6,Jon Turteltaub,109,12+,2010
6.4,270000,3.3,Dennis Dugan,117,12+,2011
6.1,199000,3.5,Patrick Hughes,126,12+,2014
7.1,262000,6.5,Emile Ardolino,100,12+,1987
7.1,158000,6.6,Steven Caple Jr.,130,16+,2018
6.9,323000,7.0,Michael Mann,140,16+,2009
7.8,584000,6.8,Doug Liman,119,16+,2002
6.2,55000,5.8,Barry Levinson,128,16+,1994
7.9,284000,9.4,Ang Lee,120,12+,2000
8.9,2300000,9.5,Quentin Tarantino,154,18+,1994
7.5,388000,7.7,Martin Scorsese,170,12+,2004
8.3,1100000,6.8,Mel Gibson,178,16+,1995
5.9,149000,6.9,Rob Marshall,125,12+,2014
6.0,102000,3.3,Adam Shankman,99,12+,2008
6.3,234000,4.3,Donald Petrie,109,12+,2000
6.3,125000,5.4,Jon Amiel,113,12+,1999
6.4,237000,4.3,Steve Oedekerk,90,12+,1995
5.8,118000,3.4,Peter Hyams,122,18+,1999
6.4,83000,5.9,Sharon Maguire,123,18+,2016
7.6,560000,6.4,David Ayer,134,16+,2014
5.7,186000,3.7,Jonathan Liebesman,116,12+,2011
6.6,131000,5.3,Baz Luhrmann,165,12+,2008
6.5,361000,5.1,Todd Phillips,95,16+,2010
7.5,241000,8.1,Peter Weir,138,12+,2003
6.8,223000,6.2,Brad Silberling,108,12+,2004
7.6,295000,8.8,Ron Clements,83,0+,1989
6.7,13000,0.0,Muye Wen,106,12+,2022
7.9,725000,8.1,Neill Blomkamp,112,14+,2009
6.2,110000,6.6,Lewis Gilbert,126,12+,1979
7.6,400000,7.4,Alejandro Amenábar,101,16+,2001
6.9,474000,5.7,Seth Gordon,98,16+,2011
6.0,16000,5.3,Walt Dohrn,91,6+,2023
7.4,55000,0.0,Rene Liu,120,0+,2018
7.2,295000,6.0,Brett Ratner,124,18+,2002
6.4,193000,6.0,Brad Bird,130,6+,2015
7.4,296000,5.1,Thea Sharrock,110,16+,2016
7.2,238000,7.2,John Francis Daley,134,12+,2023
6.7,240000,5.2,Daniel Espinosa,115,18+,2012
6.1,155000,4.5,Clark Johnson,117,12+,2003
7.1,77000,5.6,Jared Stern,105,6+,2022
6.8,427000,5.8,Rob Cohen,106,16+,2001
7.6,222000,8.6,Steven Soderbergh,147,18+,2000
5.8,101000,5.9,Henry Joost,83,16+,2011
7.7,261000,6.6,Jonathan Demme,125,16+,1993
6.3,144000,5.3,Michael Chaves,112,18+,2021
5.5,137000,5.0,Nia DaCosta,105,12+,2023
7.3,390000,6.5,Tim Burton,105,12+,1999
7.0,328000,5.2,Nancy Meyers,136,14+,2006
7.6,202000,6.5,Wolfgang Reitherman,78,Approved,1967
6.5,62000,7.2,Benny Chan,126,0+,2021
5.9,172000,2.8,Babak Najafi,99,16+,2016
5.8,140000,4.6,Peyton Reed,106,14+,2006
6.7,14000,6.8,Stephen Chow,110,12+,2013
6.4,233000,2.8,Robert Luketic,96,16+,2009
6.1,269000,6.0,Cathy Yan,109,18+,2020
8.0,173000,7.2,Oliver Stone,189,16+,1991
6.3,239000,5.2,Roland Emmerich,131,12+,2013
7.6,168000,8.6,Hayao Miyazaki,101,6+,2008
7.2,80000,4.3,Lasse Hallström,100,6+,2017
6.2,156000,4.7,Dean Parisot,90,12+,2005
5.8,108000,5.0,Ryan Murphy,133,14+,2010
5.8,46000,4.6,Greg Tiernan,86,6+,2019
7.0,226000,4.5,Jason Reitman,124,12+,2021
5.6,217000,5.4,Dennis Dugan,113,12+,2008
6.7,140000,8.1,Adam Shankman,117,6+,2007
6.3,178000,4.6,Antoine Fuqua,126,12+,2004
4.6,24000,3.5,Eric Brevig,81,0+,2010
7.1,236000,6.4,Baltasar Kormákur,121,12+,2015
7.9,789000,8.1,Denis Villeneuve,116,16+,2016
6.9,289000,4.5,Cameron Crowe,136,16+,2001
6.4,180000,3.9,Scott Waugh,132,12+,2014
5.1,96000,2.7,Peter Hewitt,80,0+,2004
6.8,124000,2.6,Tom Shadyac,115,12+,1998
5.9,54000,4.9,Cal Brunker,88,6+,2023
6.8,106000,5.1,Steve Barron,93,6+,1990
6.2,165000,6.1,Ivan Reitman,111,12+,1990
6.1,76000,4.6,Gil Kenan,115,12+,2024
7.8,222000,7.2,F. Gary Gray,147,18+,2015
7.2,609000,6.9,Phil Lord,109,16+,2012
7.1,262000,5.6,Bryan Singer,121,14+,2008
6.1,107000,4.9,Roger Allers,86,12+,2006
5.2,63000,4.7,Lawrence Guterman,87,12+,2001
7.5,218000,5.8,John McTiernan,135,6+,1990
5.7,128000,3.9,Thor Freudenthal,106,6+,2013
6.5,79000,6.5,Mike Mitchell,107,6+,2019
6.1,127000,4.2,Marc Lawrence,101,12+,2002
7.0,328000,6.0,Robert Schwentke,111,12+,2010
6.6,3000,0.0,Herman Yau,120,16+,2020
6.7,129000,5.4,Brad Silberling,114,12+,1998
5.6,102000,3.0,Adam Shankman,95,6+,2005
6.8,389000,4.8,Peter Segal,99,18+,2004
6.2,269000,4.3,Len Wiseman,118,12+,2012
6.2,2000,6.1,Huang Bo,134,12+,2018
7.5,249000,7.3,J.A. Bayona,114,12+,2012
6.2,39000,5.5,Zheng Xu,105,0+,2012
7.2,86000,6.0,Marc Forster,104,6+,2018
6.3,149000,5.1,Bryan Singer,114,12+,2013
6.0,25000,4.0,Kelly Asbury,90,6+,2017
4.7,13000,0.0,Wai Keung Lau,129,12+,2021
4.4,67000,5.7,Robert Rodriguez,84,6+,2003
6.8,301000,6.5,David Fincher,112,16+,2002
6.0,153000,3.9,Nick Cassavetes,109,16+,2014
7.0,208000,4.2,Roland Emmerich,116,12+,1994
6.3,176000,5.9,Robert Zemeckis,115,12+,2007
6.8,207000,4.3,Michael Sucsy,104,14+,2012
6.3,231000,5.2,Peter Segal,106,12+,2003
7.1,456000,7.1,Ben Stiller,107,16+,2008
7.3,199000,6.9,Dexter Fletcher,121,18+,2019
6.6,98000,5.1,Alan J. Pakula,141,12+,1993
7.3,453000,8.7,Guillermo del Toro,123,18+,2017
6.3,95000,6.6,Steven Spielberg,117,6+,2016
7.1,282000,5.1,Nancy Meyers,121,16+,2015
7.4,65000,6.4,Michael Engler,122,18+,2019
5.9,61000,5.3,Kelly Asbury,84,0+,2011
6.5,126000,4.5,Phil Alden Robinson,124,16+,2002
7.5,479000,7.2,Martin Scorsese,167,16+,2002
7.2,164000,8.3,Steven Spielberg,116,16+,2017
5.9,35000,0.0,Soi Cheang,119,0+,2016
6.3,260000,6.8,Oren Peli,86,16+,2007
6.1,164000,6.0,Aaron Nee,112,16+,2022
7.5,59000,7.2,Makoto Shinkai,112,12+,2019
7.5,148000,8.7,Steve Box,85,12+,2005
7.2,431000,5.7,Antoine Fuqua,132,16+,2014
6.8,19000,7.3,Sam Quah,112,12+,2019
6.9,183000,5.7,Barry Sonnenfeld,99,12+,1991
6.4,198000,4.8,Peter Segal,113,12+,2005
6.8,131000,5.8,Antoine Fuqua,109,16+,2023
6.6,135000,5.7,John Pasquin,97,6+,1994
5.9,110000,4.6,Shawn Levy,98,12+,2003
6.7,205000,5.0,Antoine Fuqua,121,18+,2018
7.0,43000,6.1,Jill Culton,97,6+,2019
5.8,140000,2.4,Paul Verhoeven,112,18+,2000
6.6,140000,6.4,Wolfgang Petersen,127,16+,1995
6.0,16000,0.0,Herman Yau,99,12+,2019
7.0,111000,6.0,Rob Bowman,121,16+,1998
5.5,54000,4.5,Patrick Wilson,107,12+,2023
6.4,18000,0.0,Hao Ning,116,12+,2014
5.8,142000,3.6,Peter MacDonald,102,16+,1988
7.3,346000,5.4,Ben Stiller,114,12+,2013
6.8,52000,0.0,Felix Chong,130,12+,2018
5.8,86000,5.1,Jeannot Szwarc,116,16+,1978
8.1,750000,9.6,Steve McQueen,134,16+,2013
8.3,732000,7.6,Michael Mann,170,16+,1995
6.0,107000,5.3,Mark Waters,94,6+,2011
5.9,152000,4.9,Takashi Shimizu,91,16+,2004
5.9,156000,3.7,Dennis Dugan,115,16+,2007
6.7,44000,6.5,Robert Redford,169,12+,1998
7.8,269000,7.2,James Mangold,136,12+,2005
5.6,14000,0.0,Da Peng,113,12+,2015
5.3,18000,3.8,Steve Trenbirth,72,0+,2003
5.1,118000,3.0,David R. Ellis,82,16+,2009
6.9,137000,5.2,Gary Trousdale,95,12+,2001
7.6,404000,7.6,Spike Lee,129,16+,2006
6.2,182000,4.1,Frank Coraci,90,12+,1998
6.5,43000,4.6,John Krasinski,104,6+,2024
7.5,339000,8.3,Martin Scorsese,126,12+,2011
5.8,73000,4.0,Trish Sie,93,12+,2017
7.6,589000,5.6,Zack Snyder,162,16+,2009
7.2,103000,7.1,Mike Nichols,117,16+,1996
7.6,219000,9.6,William Cottrell,83,0+,1937
7.6,302000,6.6,Baz Luhrmann,127,12+,2001
7.8,63000,0.0,JK Youn,126,0+,2014
5.4,38000,4.1,Tim Hill,95,0+,2011
5.3,196000,4.0,Lana Wachowski,127,12+,2015
6.2,136000,6.0,Jon Lucas,100,18+,2016
6.8,69000,5.6,Nicholas Stoller,87,6+,2016
6.2,251000,4.1,Alex Proyas,121,12+,2009
4.8,40000,3.5,Kevin Lima,100,0+,2000
7.3,97000,0.0,Tony Oliver,95,6+,2014
6.9,251000,4.7,Patrick Hughes,118,18+,2017
